"Notes","County","County Code","Year","Year Code",Deaths,Population,Crude Rate
,"Alpine County, CA","06003","2016","2016",0,1071,Unreliable
,"Alpine County, CA","06003","2018","2018",0,1101,Unreliable
,"Alpine County, CA","06003","2011","2011",0,1102,Unreliable
,"Alpine County, CA","06003","2015","2015",0,1110,Unreliable
,"Alpine County, CA","06003","2014","2014",0,1116,Unreliable
,"Alpine County, CA","06003","2020","2020",Suppressed,1119,Suppressed
,"Alpine County, CA","06003","2017","2017",0,1120,Unreliable
,"Alpine County, CA","06003","2012","2012",0,1129,Unreliable
,"Alpine County, CA","06003","2019","2019",Suppressed,1129,Suppressed
,"Alpine County, CA","06003","2013","2013",0,1159,Unreliable
,"Alpine County, CA","06003","2010","2010",0,1175,Unreliable
,"Sierra County, CA","06091","2020","2020",Suppressed,2920,Suppressed
,"Sierra County, CA","06091","2016","2016",0,2947,Unreliable
,"Sierra County, CA","06091","2015","2015",0,2967,Unreliable
,"Sierra County, CA","06091","2018","2018",Suppressed,2987,Suppressed
,"Sierra County, CA","06091","2017","2017",0,2999,Unreliable
,"Sierra County, CA","06091","2014","2014",Suppressed,3003,Suppressed
,"Sierra County, CA","06091","2019","2019",0,3005,Unreliable
,"Sierra County, CA","06091","2013","2013",Suppressed,3047,Suppressed
,"Sierra County, CA","06091","2012","2012",0,3086,Unreliable
,"Sierra County, CA","06091","2011","2011",Suppressed,3113,Suppressed
,"Sierra County, CA","06091","2010","2010",Suppressed,3240,Suppressed
,"Modoc County, CA","06049","2020","2020",0,8763,Unreliable
,"Modoc County, CA","06049","2018","2018",0,8777,Unreliable
,"Modoc County, CA","06049","2016","2016",Suppressed,8795,Suppressed
,"Modoc County, CA","06049","2019","2019",Suppressed,8841,Suppressed
,"Modoc County, CA","06049","2017","2017",Suppressed,8859,Suppressed
,"Modoc County, CA","06049","2015","2015",Suppressed,8965,Suppressed
,"Modoc County, CA","06049","2014","2014",Suppressed,9023,Suppressed
,"Modoc County, CA","06049","2013","2013",Suppressed,9147,Suppressed
,"Modoc County, CA","06049","2012","2012",Suppressed,9327,Suppressed
,"Modoc County, CA","06049","2011","2011",Suppressed,9517,Suppressed
,"Modoc County, CA","06049","2010","2010",Suppressed,9686,Suppressed
,"Trinity County, CA","06105","2020","2020",Suppressed,12216,Suppressed
,"Trinity County, CA","06105","2019","2019",Suppressed,12285,Suppressed
,"Trinity County, CA","06105","2018","2018",Suppressed,12535,Suppressed
,"Trinity County, CA","06105","2017","2017",Suppressed,12709,Suppressed
,"Trinity County, CA","06105","2016","2016",Suppressed,12782,Suppressed
,"Trinity County, CA","06105","2015","2015",Suppressed,13069,Suppressed
,"Trinity County, CA","06105","2014","2014",Suppressed,13170,Suppressed
,"Trinity County, CA","06105","2013","2013",Suppressed,13448,Suppressed
,"Trinity County, CA","06105","2012","2012",Suppressed,13526,Suppressed
,"Trinity County, CA","06105","2011","2011",Suppressed,13723,Suppressed
,"Trinity County, CA","06105","2010","2010",Suppressed,13786,Suppressed
,"Mono County, CA","06051","2015","2015",Suppressed,13909,Suppressed
,"Mono County, CA","06051","2016","2016",Suppressed,13981,Suppressed
,"Mono County, CA","06051","2014","2014",0,13997,Unreliable
,"Mono County, CA","06051","2013","2013",Suppressed,14074,Suppressed
,"Mono County, CA","06051","2017","2017",0,14168,Unreliable
,"Mono County, CA","06051","2010","2010",Suppressed,14202,Suppressed
,"Mono County, CA","06051","2018","2018",Suppressed,14250,Suppressed
,"Mono County, CA","06051","2011","2011",Suppressed,14309,Suppressed
,"Mono County, CA","06051","2012","2012",Suppressed,14348,Suppressed
,"Mono County, CA","06051","2019","2019",Suppressed,14444,Suppressed
,"Mono County, CA","06051","2020","2020",Suppressed,14534,Suppressed
,"Mariposa County, CA","06043","2020","2020",Suppressed,17160,Suppressed
,"Mariposa County, CA","06043","2019","2019",Suppressed,17203,Suppressed
,"Mariposa County, CA","06043","2016","2016",Suppressed,17410,Suppressed
,"Mariposa County, CA","06043","2018","2018",Suppressed,17471,Suppressed
,"Mariposa County, CA","06043","2015","2015",Suppressed,17531,Suppressed
,"Mariposa County, CA","06043","2017","2017",Suppressed,17569,Suppressed
,"Mariposa County, CA","06043","2014","2014",Suppressed,17682,Suppressed
,"Mariposa County, CA","06043","2013","2013",Suppressed,17755,Suppressed
,"Mariposa County, CA","06043","2012","2012",Suppressed,17905,Suppressed
,"Inyo County, CA","06027","2018","2018",Suppressed,17987,Suppressed
,"Inyo County, CA","06027","2017","2017",Suppressed,18026,Suppressed
,"Inyo County, CA","06027","2019","2019",Suppressed,18039,Suppressed
,"Inyo County, CA","06027","2020","2020",Suppressed,18046,Suppressed
,"Inyo County, CA","06027","2016","2016",Suppressed,18144,Suppressed
,"Mariposa County, CA","06043","2011","2011",Suppressed,18191,Suppressed
,"Mariposa County, CA","06043","2010","2010",Suppressed,18251,Suppressed
,"Inyo County, CA","06027","2015","2015",Suppressed,18260,Suppressed
,"Plumas County, CA","06063","2015","2015",Suppressed,18409,Suppressed
,"Inyo County, CA","06027","2014","2014",Suppressed,18410,Suppressed
,"Inyo County, CA","06027","2013","2013",Suppressed,18467,Suppressed
,"Inyo County, CA","06027","2011","2011",Suppressed,18478,Suppressed
,"Inyo County, CA","06027","2012","2012",Suppressed,18495,Suppressed
,"Inyo County, CA","06027","2010","2010",Suppressed,18546,Suppressed
,"Plumas County, CA","06063","2014","2014",11,18606,Unreliable
,"Plumas County, CA","06063","2016","2016",Suppressed,18627,Suppressed
,"Plumas County, CA","06063","2017","2017",Suppressed,18742,Suppressed
,"Plumas County, CA","06063","2018","2018",Suppressed,18804,Suppressed
,"Plumas County, CA","06063","2019","2019",Suppressed,18807,Suppressed
,"Plumas County, CA","06063","2013","2013",Suppressed,18859,Suppressed
,"Plumas County, CA","06063","2020","2020",Suppressed,18967,Suppressed
,"Plumas County, CA","06063","2012","2012",Suppressed,19399,Suppressed
,"Plumas County, CA","06063","2011","2011",Suppressed,19765,Suppressed
,"Plumas County, CA","06063","2010","2010",Suppressed,20007,Suppressed
,"Colusa County, CA","06011","2013","2013",Suppressed,21358,Suppressed
,"Colusa County, CA","06011","2012","2012",Suppressed,21411,Suppressed
,"Colusa County, CA","06011","2010","2010",0,21419,Unreliable
,"Colusa County, CA","06011","2014","2014",0,21419,Unreliable
,"Colusa County, CA","06011","2015","2015",Suppressed,21482,Suppressed
,"Colusa County, CA","06011","2019","2019",Suppressed,21547,Suppressed
,"Colusa County, CA","06011","2011","2011",Suppressed,21549,Suppressed
,"Colusa County, CA","06011","2020","2020",Suppressed,21558,Suppressed
,"Colusa County, CA","06011","2016","2016",Suppressed,21588,Suppressed
,"Colusa County, CA","06011","2018","2018",0,21627,Unreliable
,"Colusa County, CA","06011","2017","2017",Suppressed,21805,Suppressed
,"Del Norte County, CA","06015","2014","2014",Suppressed,27212,Suppressed
,"Del Norte County, CA","06015","2015","2015",Suppressed,27254,Suppressed
,"Del Norte County, CA","06015","2017","2017",Suppressed,27470,Suppressed
,"Del Norte County, CA","06015","2016","2016",Suppressed,27540,Suppressed
,"Del Norte County, CA","06015","2019","2019",Suppressed,27812,Suppressed
,"Del Norte County, CA","06015","2018","2018",Suppressed,27828,Suppressed
,"Del Norte County, CA","06015","2013","2013",Suppressed,27873,Suppressed
,"Glenn County, CA","06021","2013","2013",Suppressed,27940,Suppressed
,"Glenn County, CA","06021","2014","2014",Suppressed,27955,Suppressed
,"Del Norte County, CA","06015","2020","2020",Suppressed,27968,Suppressed
,"Glenn County, CA","06021","2012","2012",Suppressed,27992,Suppressed
,"Glenn County, CA","06021","2015","2015",Suppressed,28017,Suppressed
,"Glenn County, CA","06021","2018","2018",Suppressed,28047,Suppressed
,"Glenn County, CA","06021","2016","2016",Suppressed,28085,Suppressed
,"Glenn County, CA","06021","2017","2017",Suppressed,28094,Suppressed
,"Glenn County, CA","06021","2010","2010",Suppressed,28122,Suppressed
,"Glenn County, CA","06021","2011","2011",Suppressed,28128,Suppressed
,"Glenn County, CA","06021","2020","2020",12,28283,Unreliable
,"Del Norte County, CA","06015","2012","2012",Suppressed,28290,Suppressed
,"Glenn County, CA","06021","2019","2019",Suppressed,28393,Suppressed
,"Del Norte County, CA","06015","2010","2010",Suppressed,28610,Suppressed
,"Del Norte County, CA","06015","2011","2011",Suppressed,28659,Suppressed
,"Lassen County, CA","06035","2020","2020",Suppressed,30016,Suppressed
,"Lassen County, CA","06035","2019","2019",12,30573,Unreliable
,"Lassen County, CA","06035","2018","2018",Suppressed,30802,Suppressed
,"Lassen County, CA","06035","2016","2016",12,30870,Unreliable
,"Lassen County, CA","06035","2017","2017",Suppressed,31163,Suppressed
,"Lassen County, CA","06035","2015","2015",Suppressed,31345,Suppressed
,"Lassen County, CA","06035","2014","2014",13,31749,Unreliable
,"Lassen County, CA","06035","2013","2013",11,32163,Unreliable
,"Lassen County, CA","06035","2012","2012",Suppressed,33658,Suppressed
,"Lassen County, CA","06035","2011","2011",13,34200,Unreliable
,"Lassen County, CA","06035","2010","2010",12,34895,Unreliable
,"Amador County, CA","06005","2013","2013",Suppressed,36519,Suppressed
,"Amador County, CA","06005","2014","2014",13,36742,Unreliable
,"Amador County, CA","06005","2015","2015",Suppressed,37001,Suppressed
,"Amador County, CA","06005","2012","2012",10,37035,Unreliable
,"Amador County, CA","06005","2016","2016",Suppressed,37383,Suppressed
,"Amador County, CA","06005","2011","2011",10,37953,Unreliable
,"Amador County, CA","06005","2010","2010",11,38091,Unreliable
,"Amador County, CA","06005","2017","2017",Suppressed,38626,Suppressed
,"Amador County, CA","06005","2018","2018",Suppressed,39383,Suppressed
,"Amador County, CA","06005","2019","2019",13,39752,Unreliable
,"Amador County, CA","06005","2020","2020",Suppressed,40083,Suppressed
,"Siskiyou County, CA","06093","2020","2020",10,43245,Unreliable
,"Siskiyou County, CA","06093","2019","2019",Suppressed,43539,Suppressed
,"Siskiyou County, CA","06093","2015","2015",14,43554,Unreliable
,"Siskiyou County, CA","06093","2016","2016",16,43603,Unreliable
,"Siskiyou County, CA","06093","2014","2014",Suppressed,43628,Suppressed
,"Siskiyou County, CA","06093","2018","2018",Suppressed,43724,Suppressed
,"Siskiyou County, CA","06093","2013","2013",Suppressed,43799,Suppressed
,"Siskiyou County, CA","06093","2017","2017",Suppressed,43853,Suppressed
,"Siskiyou County, CA","06093","2012","2012",Suppressed,44154,Suppressed
,"Siskiyou County, CA","06093","2011","2011",12,44507,Unreliable
,"Calaveras County, CA","06009","2013","2013",11,44515,Unreliable
,"Calaveras County, CA","06009","2014","2014",Suppressed,44624,Suppressed
,"Calaveras County, CA","06009","2012","2012",Suppressed,44742,Suppressed
,"Calaveras County, CA","06009","2015","2015",10,44828,Unreliable
,"Siskiyou County, CA","06093","2010","2010",13,44900,Unreliable
,"Calaveras County, CA","06009","2011","2011",15,45052,Unreliable
,"Calaveras County, CA","06009","2016","2016",Suppressed,45171,Suppressed
,"Calaveras County, CA","06009","2010","2010",12,45578,Unreliable
,"Calaveras County, CA","06009","2018","2018",Suppressed,45602,Suppressed
,"Calaveras County, CA","06009","2017","2017",Suppressed,45670,Suppressed
,"Calaveras County, CA","06009","2019","2019",12,45905,Unreliable
,"Calaveras County, CA","06009","2020","2020",Suppressed,46308,Suppressed
,"Tuolumne County, CA","06109","2015","2015",22,53709,40.961
,"Tuolumne County, CA","06109","2016","2016",15,53804,Unreliable
,"Tuolumne County, CA","06109","2014","2014",19,53831,Unreliable
,"Tuolumne County, CA","06109","2013","2013",12,53874,Unreliable
,"Tuolumne County, CA","06109","2012","2012",12,54008,Unreliable
,"Tuolumne County, CA","06109","2017","2017",13,54248,Unreliable
,"Tuolumne County, CA","06109","2019","2019",12,54478,Unreliable
,"Tuolumne County, CA","06109","2020","2020",10,54515,Unreliable
,"Tuolumne County, CA","06109","2018","2018",Suppressed,54539,Suppressed
,"Tuolumne County, CA","06109","2011","2011",14,54953,Unreliable
,"San Benito County, CA","06069","2010","2010",Suppressed,55269,Suppressed
,"Tuolumne County, CA","06109","2010","2010",18,55365,Unreliable
,"San Benito County, CA","06069","2011","2011",Suppressed,56072,Suppressed
,"San Benito County, CA","06069","2012","2012",Suppressed,56884,Suppressed
,"San Benito County, CA","06069","2013","2013",Suppressed,57600,Suppressed
,"San Benito County, CA","06069","2014","2014",Suppressed,58267,Suppressed
,"San Benito County, CA","06069","2015","2015",Suppressed,58792,Suppressed
,"San Benito County, CA","06069","2016","2016",Suppressed,59414,Suppressed
,"San Benito County, CA","06069","2017","2017",Suppressed,60310,Suppressed
,"San Benito County, CA","06069","2018","2018",Suppressed,61537,Suppressed
,"San Benito County, CA","06069","2019","2019",Suppressed,62808,Suppressed
,"Tehama County, CA","06103","2013","2013",Suppressed,63057,Suppressed
,"Tehama County, CA","06103","2014","2014",Suppressed,63067,Suppressed
,"Tehama County, CA","06103","2016","2016",Suppressed,63276,Suppressed
,"Tehama County, CA","06103","2015","2015",Suppressed,63308,Suppressed
,"Tehama County, CA","06103","2012","2012",12,63406,Unreliable
,"Tehama County, CA","06103","2010","2010",Suppressed,63463,Suppressed
,"Tehama County, CA","06103","2011","2011",13,63601,Unreliable
,"Lake County, CA","06033","2013","2013",29,63860,45.412
,"Tehama County, CA","06103","2018","2018",Suppressed,63916,Suppressed
,"Tehama County, CA","06103","2017","2017",Suppressed,63926,Suppressed
,"Lake County, CA","06033","2012","2012",23,63983,35.947
,"San Benito County, CA","06069","2020","2020",10,64055,Unreliable
,"Lake County, CA","06033","2016","2016",18,64116,Unreliable
,"Lake County, CA","06033","2014","2014",35,64184,54.531
,"Lake County, CA","06033","2017","2017",28,64246,43.582
,"Lake County, CA","06033","2011","2011",34,64323,52.858
,"Lake County, CA","06033","2018","2018",44,64382,68.342
,"Lake County, CA","06033","2019","2019",47,64386,72.997
,"Lake County, CA","06033","2020","2020",46,64479,71.341
,"Tehama County, CA","06103","2020","2020",Suppressed,64494,Suppressed
,"Lake County, CA","06033","2015","2015",32,64591,49.543
,"Lake County, CA","06033","2010","2010",36,64665,55.672
,"Tehama County, CA","06103","2019","2019",Suppressed,65084,Suppressed
,"Yuba County, CA","06115","2010","2010",Suppressed,72155,Suppressed
,"Yuba County, CA","06115","2011","2011",Suppressed,72578,Suppressed
,"Yuba County, CA","06115","2012","2012",Suppressed,72926,Suppressed
,"Yuba County, CA","06115","2013","2013",Suppressed,73340,Suppressed
,"Yuba County, CA","06115","2014","2014",Suppressed,73966,Suppressed
,"Yuba County, CA","06115","2015","2015",12,74492,Unreliable
,"Yuba County, CA","06115","2016","2016",16,75275,Unreliable
,"Yuba County, CA","06115","2017","2017",16,77031,Unreliable
,"Yuba County, CA","06115","2018","2018",14,78041,Unreliable
,"Yuba County, CA","06115","2019","2019",12,78668,Unreliable
,"Yuba County, CA","06115","2020","2020",17,80160,Unreliable
,"Mendocino County, CA","06045","2020","2020",41,86061,47.641
,"Mendocino County, CA","06045","2019","2019",42,86749,48.416
,"Mendocino County, CA","06045","2013","2013",22,87192,25.232
,"Mendocino County, CA","06045","2012","2012",Suppressed,87428,Suppressed
,"Mendocino County, CA","06045","2011","2011",17,87553,Unreliable
,"Mendocino County, CA","06045","2018","2018",31,87606,35.386
,"Mendocino County, CA","06045","2016","2016",29,87628,33.094
,"Mendocino County, CA","06045","2015","2015",16,87649,Unreliable
,"Mendocino County, CA","06045","2010","2010",18,87841,Unreliable
,"Mendocino County, CA","06045","2014","2014",25,87869,28.451
,"Mendocino County, CA","06045","2017","2017",26,88018,29.539
,"Sutter County, CA","06101","2010","2010",18,94737,Unreliable
,"Sutter County, CA","06101","2011","2011",14,94919,Unreliable
,"Sutter County, CA","06101","2012","2012",12,95022,Unreliable
,"Sutter County, CA","06101","2013","2013",16,95350,Unreliable
,"Sutter County, CA","06101","2014","2014",Suppressed,95847,Suppressed
,"Sutter County, CA","06101","2020","2020",17,96385,Unreliable
,"Sutter County, CA","06101","2015","2015",10,96463,Unreliable
,"Sutter County, CA","06101","2017","2017",10,96648,Unreliable
,"Sutter County, CA","06101","2016","2016",10,96651,Unreliable
,"Sutter County, CA","06101","2018","2018",16,96807,Unreliable
,"Sutter County, CA","06101","2019","2019",Suppressed,96971,Suppressed
,"Nevada County, CA","06057","2013","2013",24,98200,24.440
,"Nevada County, CA","06057","2012","2012",25,98292,25.434
,"Nevada County, CA","06057","2011","2011",14,98612,Unreliable
,"Nevada County, CA","06057","2010","2010",14,98764,Unreliable
,"Nevada County, CA","06057","2015","2015",19,98877,Unreliable
,"Nevada County, CA","06057","2014","2014",20,98893,20.224
,"Nevada County, CA","06057","2016","2016",17,99107,Unreliable
,"Nevada County, CA","06057","2020","2020",37,99606,37.146
,"Nevada County, CA","06057","2018","2018",15,99696,Unreliable
,"Nevada County, CA","06057","2019","2019",16,99755,Unreliable
,"Nevada County, CA","06057","2017","2017",18,99814,Unreliable
,"Humboldt County, CA","06023","2013","2013",41,134493,30.485
,"Humboldt County, CA","06023","2010","2010",48,134623,35.655
,"Humboldt County, CA","06023","2011","2011",57,134761,42.297
,"Humboldt County, CA","06023","2014","2014",43,134809,31.897
,"Humboldt County, CA","06023","2012","2012",48,134827,35.601
,"Humboldt County, CA","06023","2020","2020",41,134977,30.376
,"Humboldt County, CA","06023","2019","2019",36,135558,26.557
,"Humboldt County, CA","06023","2015","2015",40,135727,29.471
,"Napa County, CA","06055","2020","2020",20,135965,14.710
,"Humboldt County, CA","06023","2018","2018",33,136373,24.198
,"Napa County, CA","06055","2010","2010",17,136484,Unreliable
,"Humboldt County, CA","06023","2016","2016",54,136646,39.518
,"Humboldt County, CA","06023","2017","2017",44,136754,32.175
,"Napa County, CA","06055","2019","2019",17,137744,Unreliable
,"Napa County, CA","06055","2011","2011",18,138088,Unreliable
,"Napa County, CA","06055","2012","2012",16,139045,Unreliable
,"Napa County, CA","06055","2018","2018",17,139417,Unreliable
,"Napa County, CA","06055","2013","2013",17,140326,Unreliable
,"Napa County, CA","06055","2017","2017",13,140973,Unreliable
,"Napa County, CA","06055","2014","2014",13,141667,Unreliable
,"Napa County, CA","06055","2016","2016",11,142166,Unreliable
,"Napa County, CA","06055","2015","2015",19,142456,Unreliable
,"Kings County, CA","06031","2016","2016",12,149785,Unreliable
,"Kings County, CA","06031","2017","2017",15,150101,Unreliable
,"Kings County, CA","06031","2014","2014",24,150269,15.971
,"Madera County, CA","06039","2010","2010",20,150865,13.257
,"Kings County, CA","06031","2013","2013",22,150960,14.573
,"Kings County, CA","06031","2015","2015",15,150965,Unreliable
,"Kings County, CA","06031","2012","2012",Suppressed,151364,Suppressed
,"Kings County, CA","06031","2018","2018",20,151366,13.213
,"Madera County, CA","06039","2012","2012",25,152218,16.424
,"Madera County, CA","06039","2013","2013",21,152389,13.781
,"Kings County, CA","06031","2020","2020",22,152692,14.408
,"Madera County, CA","06039","2011","2011",24,152925,15.694
,"Kings County, CA","06031","2019","2019",25,152940,16.346
,"Kings County, CA","06031","2010","2010",14,152982,Unreliable
,"Kings County, CA","06031","2011","2011",14,153765,Unreliable
,"Madera County, CA","06039","2014","2014",22,154548,14.235
,"Madera County, CA","06039","2016","2016",18,154697,Unreliable
,"Madera County, CA","06039","2015","2015",25,154998,16.129
,"Madera County, CA","06039","2017","2017",19,156890,Unreliable
,"Madera County, CA","06039","2019","2019",30,157327,19.069
,"Madera County, CA","06039","2018","2018",12,157672,Unreliable
,"Madera County, CA","06039","2020","2020",22,157761,13.945
,"Imperial County, CA","06025","2010","2010",10,174528,Unreliable
,"Imperial County, CA","06025","2013","2013",30,176584,16.989
,"Imperial County, CA","06025","2012","2012",20,176948,11.303
,"Imperial County, CA","06025","2011","2011",23,177057,12.990
,"Shasta County, CA","06089","2010","2010",49,177223,27.649
,"Shasta County, CA","06089","2011","2011",53,177774,29.813
,"Shasta County, CA","06089","2012","2012",52,178586,29.118
,"Shasta County, CA","06089","2013","2013",50,178980,27.936
,"Shasta County, CA","06089","2020","2020",50,179027,27.929
,"Imperial County, CA","06025","2014","2014",26,179091,14.518
,"Shasta County, CA","06089","2015","2015",29,179533,16.153
,"Shasta County, CA","06089","2016","2016",37,179631,20.598
,"Shasta County, CA","06089","2014","2014",40,179804,22.246
,"Shasta County, CA","06089","2017","2017",34,179921,18.897
,"Shasta County, CA","06089","2018","2018",34,180040,18.885
,"Shasta County, CA","06089","2019","2019",36,180080,19.991
,"Imperial County, CA","06025","2015","2015",41,180191,22.754
,"Imperial County, CA","06025","2020","2020",64,180267,35.503
,"El Dorado County, CA","06017","2012","2012",35,180561,19.384
,"Imperial County, CA","06025","2016","2016",36,180883,19.902
,"El Dorado County, CA","06017","2011","2011",35,180938,19.344
,"El Dorado County, CA","06017","2010","2010",43,181058,23.749
,"Imperial County, CA","06025","2019","2019",30,181215,16.555
,"El Dorado County, CA","06017","2013","2013",33,181737,18.158
,"Imperial County, CA","06025","2018","2018",43,181827,23.649
,"Imperial County, CA","06025","2017","2017",21,182830,11.486
,"El Dorado County, CA","06017","2014","2014",47,183087,25.671
,"El Dorado County, CA","06017","2015","2015",39,184452,21.144
,"El Dorado County, CA","06017","2016","2016",42,185625,22.626
,"El Dorado County, CA","06017","2017","2017",32,188987,16.932
,"El Dorado County, CA","06017","2018","2018",34,190678,17.831
,"El Dorado County, CA","06017","2019","2019",32,192843,16.594
,"El Dorado County, CA","06017","2020","2020",39,192925,20.215
,"Yolo County, CA","06113","2010","2010",15,200849,Unreliable
,"Yolo County, CA","06113","2011","2011",20,202054,9.898
,"Yolo County, CA","06113","2012","2012",22,204118,10.778
,"Yolo County, CA","06113","2013","2013",25,204593,12.219
,"Yolo County, CA","06113","2014","2014",25,207590,12.043
,"Butte County, CA","06007","2020","2020",70,212744,32.903
,"Yolo County, CA","06113","2015","2015",31,213016,14.553
,"Yolo County, CA","06113","2016","2016",34,215802,15.755
,"Yolo County, CA","06113","2017","2017",27,219116,12.322
,"Butte County, CA","06007","2019","2019",55,219186,25.093
,"Yolo County, CA","06113","2020","2020",32,219728,14.563
,"Butte County, CA","06007","2010","2010",85,220000,38.636
,"Butte County, CA","06007","2011","2011",84,220266,38.136
,"Yolo County, CA","06113","2018","2018",20,220408,9.074
,"Yolo County, CA","06113","2019","2019",27,220500,12.245
,"Butte County, CA","06007","2012","2012",71,221539,32.049
,"Butte County, CA","06007","2013","2013",57,222090,25.665
,"Butte County, CA","06007","2014","2014",74,224241,33.000
,"Butte County, CA","06007","2015","2015",65,225411,28.836
,"Butte County, CA","06007","2016","2016",73,226864,32.178
,"Butte County, CA","06007","2017","2017",46,229294,20.062
,"Butte County, CA","06007","2018","2018",59,231256,25.513
,"Marin County, CA","06041","2010","2010",35,252409,13.866
,"Marin County, CA","06041","2011","2011",21,255031,8.234
,"Merced County, CA","06047","2010","2010",29,255793,11.337
,"Marin County, CA","06041","2012","2012",37,256069,14.449
,"Marin County, CA","06041","2020","2020",55,257332,21.373
,"Marin County, CA","06041","2013","2013",40,258365,15.482
,"Marin County, CA","06041","2019","2019",43,258826,16.613
,"Marin County, CA","06041","2018","2018",32,259666,12.324
,"Merced County, CA","06047","2011","2011",34,259898,13.082
,"Marin County, CA","06041","2016","2016",40,260651,15.346
,"Marin County, CA","06041","2014","2014",18,260750,Unreliable
,"Marin County, CA","06041","2017","2017",38,260955,14.562
,"Marin County, CA","06041","2015","2015",18,261221,Unreliable
,"Merced County, CA","06047","2012","2012",37,262305,14.106
,"Santa Cruz County, CA","06087","2010","2010",46,262382,17.532
,"Merced County, CA","06047","2013","2013",34,263228,12.917
,"Santa Cruz County, CA","06087","2011","2011",56,264298,21.188
,"Merced County, CA","06047","2014","2014",30,266353,11.263
,"Santa Cruz County, CA","06087","2012","2012",53,266776,19.867
,"Merced County, CA","06047","2015","2015",40,268455,14.900
,"Merced County, CA","06047","2016","2016",39,268672,14.516
,"Santa Cruz County, CA","06087","2013","2013",44,269419,16.331
,"San Luis Obispo County, CA","06079","2010","2010",40,269637,14.835
,"Santa Cruz County, CA","06087","2020","2020",60,269925,22.228
,"Santa Cruz County, CA","06087","2014","2014",59,271804,21.707
,"San Luis Obispo County, CA","06079","2011","2011",42,271969,15.443
,"Merced County, CA","06047","2017","2017",34,272673,12.469
,"Santa Cruz County, CA","06087","2019","2019",54,273213,19.765
,"Santa Cruz County, CA","06087","2015","2015",50,274146,18.238
,"Santa Cruz County, CA","06087","2018","2018",42,274255,15.314
,"Santa Cruz County, CA","06087","2016","2016",48,274673,17.475
,"Merced County, CA","06047","2018","2018",38,274765,13.830
,"San Luis Obispo County, CA","06079","2012","2012",38,274804,13.828
,"Santa Cruz County, CA","06087","2017","2017",43,275897,15.586
,"San Luis Obispo County, CA","06079","2013","2013",38,276443,13.746
,"Merced County, CA","06047","2019","2019",45,277680,16.206
,"San Luis Obispo County, CA","06079","2014","2014",33,279083,11.824
,"Merced County, CA","06047","2020","2020",53,279252,18.979
,"San Luis Obispo County, CA","06079","2015","2015",52,281401,18.479
,"San Luis Obispo County, CA","06079","2020","2020",84,282249,29.761
,"San Luis Obispo County, CA","06079","2016","2016",45,282887,15.907
,"San Luis Obispo County, CA","06079","2019","2019",52,283111,18.367
,"San Luis Obispo County, CA","06079","2017","2017",43,283405,15.173
,"San Luis Obispo County, CA","06079","2018","2018",44,284010,15.492
,"Placer County, CA","06061","2010","2010",27,348432,7.749
,"Placer County, CA","06061","2011","2011",26,357138,7.280
,"Placer County, CA","06061","2012","2012",38,361682,10.506
,"Placer County, CA","06061","2013","2013",48,367309,13.068
,"Placer County, CA","06061","2014","2014",36,371694,9.685
,"Placer County, CA","06061","2015","2015",44,375391,11.721
,"Placer County, CA","06061","2016","2016",47,380531,12.351
,"Placer County, CA","06061","2017","2017",42,386166,10.876
,"Placer County, CA","06061","2018","2018",44,393149,11.192
,"Placer County, CA","06061","2019","2019",63,398329,15.816
,"Placer County, CA","06061","2020","2020",67,402950,16.627
,"Solano County, CA","06095","2010","2010",52,413344,12.580
,"Monterey County, CA","06053","2010","2010",43,415057,10.360
,"Solano County, CA","06095","2011","2011",57,416471,13.686
,"Solano County, CA","06095","2012","2012",29,420757,6.892
,"Monterey County, CA","06053","2011","2011",46,421898,10.903
,"Santa Barbara County, CA","06083","2010","2010",48,423895,11.324
,"Solano County, CA","06095","2013","2013",54,424788,12.712
,"Monterey County, CA","06053","2012","2012",43,426762,10.076
,"Santa Barbara County, CA","06083","2011","2011",42,426878,9.839
,"Monterey County, CA","06053","2013","2013",55,428826,12.826
,"Monterey County, CA","06053","2020","2020",98,430906,22.743
,"Solano County, CA","06095","2014","2014",69,431131,16.004
,"Santa Barbara County, CA","06083","2012","2012",42,431249,9.739
,"Monterey County, CA","06053","2014","2014",48,431344,11.128
,"Monterey County, CA","06053","2015","2015",46,433898,10.602
,"Monterey County, CA","06053","2019","2019",64,434061,14.744
,"Monterey County, CA","06053","2016","2016",53,435232,12.177
,"Monterey County, CA","06053","2018","2018",49,435594,11.249
,"Santa Barbara County, CA","06083","2013","2013",53,435697,12.164
,"Solano County, CA","06095","2015","2015",58,436092,13.300
,"Monterey County, CA","06053","2017","2017",43,437907,9.819
,"Solano County, CA","06095","2016","2016",49,440207,11.131
,"Santa Barbara County, CA","06083","2014","2014",56,440668,12.708
,"Tulare County, CA","06107","2010","2010",26,442179,5.880
,"Santa Barbara County, CA","06083","2020","2020",89,444766,20.011
,"Santa Barbara County, CA","06083","2015","2015",71,444769,15.963
,"Solano County, CA","06095","2017","2017",59,445458,13.245
,"Santa Barbara County, CA","06083","2016","2016",68,446170,15.241
,"Santa Barbara County, CA","06083","2019","2019",81,446499,18.141
,"Santa Barbara County, CA","06083","2018","2018",72,446527,16.124
,"Solano County, CA","06095","2018","2018",79,446610,17.689
,"Solano County, CA","06095","2020","2020",80,446935,17.900
,"Solano County, CA","06095","2019","2019",77,447643,17.201
,"Santa Barbara County, CA","06083","2017","2017",67,448150,14.950
,"Tulare County, CA","06107","2011","2011",34,449253,7.568
,"Tulare County, CA","06107","2012","2012",28,451977,6.195
,"Tulare County, CA","06107","2013","2013",38,454143,8.367
,"Tulare County, CA","06107","2014","2014",36,458198,7.857
,"Tulare County, CA","06107","2015","2015",45,459863,9.786
,"Tulare County, CA","06107","2016","2016",42,460437,9.122
,"Tulare County, CA","06107","2017","2017",35,464493,7.535
,"Tulare County, CA","06107","2018","2018",53,465861,11.377
,"Tulare County, CA","06107","2019","2019",41,466195,8.795
,"Tulare County, CA","06107","2020","2020",71,468680,15.149
,"Sonoma County, CA","06097","2010","2010",83,483878,17.153
,"Sonoma County, CA","06097","2011","2011",50,488116,10.243
,"Sonoma County, CA","06097","2020","2020",146,489819,29.807
,"Sonoma County, CA","06097","2012","2012",66,491829,13.419
,"Sonoma County, CA","06097","2019","2019",99,494336,20.027
,"Sonoma County, CA","06097","2013","2013",38,495025,7.676
,"Sonoma County, CA","06097","2018","2018",78,499942,15.602
,"Sonoma County, CA","06097","2014","2014",74,500292,14.791
,"Sonoma County, CA","06097","2015","2015",80,502146,15.932
,"Sonoma County, CA","06097","2016","2016",60,503070,11.927
,"Sonoma County, CA","06097","2017","2017",69,504217,13.685
,"Stanislaus County, CA","06099","2010","2010",89,514453,17.300
,"Stanislaus County, CA","06099","2011","2011",82,518522,15.814
,"Stanislaus County, CA","06099","2012","2012",72,521726,13.800
,"Stanislaus County, CA","06099","2013","2013",73,525491,13.892
,"Stanislaus County, CA","06099","2014","2014",69,531997,12.970
,"Stanislaus County, CA","06099","2015","2015",102,538388,18.945
,"Stanislaus County, CA","06099","2016","2016",70,541560,12.926
,"Stanislaus County, CA","06099","2017","2017",68,547899,12.411
,"Stanislaus County, CA","06099","2018","2018",79,549815,14.368
,"Stanislaus County, CA","06099","2020","2020",130,550081,23.633
,"Stanislaus County, CA","06099","2019","2019",83,550660,15.073
,"San Joaquin County, CA","06077","2010","2010",129,685306,18.824
,"San Joaquin County, CA","06077","2011","2011",134,696214,19.247
,"San Joaquin County, CA","06077","2012","2012",104,702612,14.802
,"San Joaquin County, CA","06077","2013","2013",109,704379,15.475
,"San Joaquin County, CA","06077","2014","2014",121,715597,16.909
,"San Mateo County, CA","06081","2010","2010",55,718451,7.655
,"San Joaquin County, CA","06077","2015","2015",116,726106,15.976
,"San Mateo County, CA","06081","2011","2011",66,727209,9.076
,"San Joaquin County, CA","06077","2016","2016",108,733709,14.720
,"San Mateo County, CA","06081","2012","2012",57,739311,7.710
,"San Joaquin County, CA","06077","2017","2017",145,745424,19.452
,"San Mateo County, CA","06081","2013","2013",56,747373,7.493
,"San Joaquin County, CA","06077","2018","2018",122,752660,16.209
,"San Mateo County, CA","06081","2020","2020",123,758308,16.220
,"San Mateo County, CA","06081","2014","2014",68,758581,8.964
,"San Joaquin County, CA","06077","2019","2019",124,762148,16.270
,"San Mateo County, CA","06081","2016","2016",50,764797,6.538
,"San Mateo County, CA","06081","2015","2015",69,765135,9.018
,"San Mateo County, CA","06081","2019","2019",99,766573,12.915
,"San Joaquin County, CA","06077","2020","2020",161,767967,20.964
,"San Mateo County, CA","06081","2018","2018",66,769545,8.576
,"San Mateo County, CA","06081","2017","2017",80,771410,10.371
,"San Francisco County, CA","06075","2010","2010",170,805235,21.112
,"San Francisco County, CA","06075","2011","2011",193,812826,23.744
,"Ventura County, CA","06111","2010","2010",96,823318,11.660
,"San Francisco County, CA","06075","2012","2012",133,825863,16.104
,"Ventura County, CA","06111","2011","2011",111,831771,13.345
,"Ventura County, CA","06111","2012","2012",113,835981,13.517
,"San Francisco County, CA","06075","2013","2013",130,837442,15.523
,"Ventura County, CA","06111","2013","2013",126,839620,15.007
,"Kern County, CA","06029","2010","2010",140,839631,16.674
,"Ventura County, CA","06111","2020","2020",190,841387,22.582
,"Ventura County, CA","06111","2019","2019",136,846006,16.076
,"Ventura County, CA","06111","2014","2014",121,846178,14.300
,"Ventura County, CA","06111","2016","2016",110,849738,12.945
,"Ventura County, CA","06111","2015","2015",119,850536,13.991
,"Ventura County, CA","06111","2018","2018",135,850967,15.864
,"Kern County, CA","06029","2011","2011",151,851710,17.729
,"San Francisco County, CA","06075","2014","2014",164,852469,19.238
,"Ventura County, CA","06111","2017","2017",148,854223,17.326
,"Kern County, CA","06029","2012","2012",159,856158,18.571
,"Kern County, CA","06029","2013","2013",181,864124,20.946
,"San Francisco County, CA","06075","2015","2015",196,864816,22.664
,"San Francisco County, CA","06075","2020","2020",547,866606,63.120
,"San Francisco County, CA","06075","2016","2016",186,870887,21.358
,"Kern County, CA","06029","2014","2014",212,874589,24.240
,"San Francisco County, CA","06075","2019","2019",401,881549,45.488
,"Kern County, CA","06029","2015","2015",213,882176,24.145
,"San Francisco County, CA","06075","2018","2018",237,883305,26.831
,"San Francisco County, CA","06075","2017","2017",184,884363,20.806
,"Kern County, CA","06029","2016","2016",205,884788,23.169
,"Kern County, CA","06029","2017","2017",229,893119,25.640
,"Kern County, CA","06029","2018","2018",228,896764,25.425
,"Kern County, CA","06029","2019","2019",262,900202,29.105
,"Kern County, CA","06029","2020","2020",361,901362,40.051
,"Fresno County, CA","06019","2010","2010",104,930450,11.177
,"Fresno County, CA","06019","2011","2011",90,942904,9.545
,"Fresno County, CA","06019","2012","2012",79,947895,8.334
,"Fresno County, CA","06019","2013","2013",89,955272,9.317
,"Fresno County, CA","06019","2014","2014",129,965974,13.354
,"Fresno County, CA","06019","2015","2015",141,974861,14.464
,"Fresno County, CA","06019","2016","2016",144,979915,14.695
,"Fresno County, CA","06019","2017","2017",123,989255,12.434
,"Fresno County, CA","06019","2018","2018",110,994400,11.062
,"Fresno County, CA","06019","2019","2019",133,999101,13.312
,"Fresno County, CA","06019","2020","2020",170,1000918,16.984
,"Contra Costa County, CA","06013","2010","2010",93,1049025,8.865
,"Contra Costa County, CA","06013","2011","2011",122,1066096,11.444
,"Contra Costa County, CA","06013","2012","2012",123,1079597,11.393
,"Contra Costa County, CA","06013","2013","2013",140,1094205,12.795
,"Contra Costa County, CA","06013","2014","2014",126,1111339,11.338
,"Contra Costa County, CA","06013","2015","2015",108,1126745,9.585
,"Contra Costa County, CA","06013","2016","2016",122,1135127,10.748
,"Contra Costa County, CA","06013","2017","2017",115,1147439,10.022
,"Contra Costa County, CA","06013","2018","2018",162,1150215,14.084
,"Contra Costa County, CA","06013","2020","2020",234,1152333,20.307
,"Contra Costa County, CA","06013","2019","2019",163,1153526,14.131
,"Sacramento County, CA","06067","2010","2010",216,1418788,15.224
,"Sacramento County, CA","06067","2011","2011",213,1436105,14.832
,"Sacramento County, CA","06067","2012","2012",205,1450121,14.137
,"Sacramento County, CA","06067","2013","2013",242,1462131,16.551
,"Sacramento County, CA","06067","2014","2014",249,1482026,16.801
,"Sacramento County, CA","06067","2015","2015",283,1501335,18.850
,"Alameda County, CA","06001","2010","2010",132,1510271,8.740
,"Sacramento County, CA","06067","2016","2016",227,1514460,14.989
,"Alameda County, CA","06001","2011","2011",168,1529875,10.981
,"Sacramento County, CA","06067","2017","2017",213,1530615,13.916
,"Sacramento County, CA","06067","2018","2018",249,1540975,16.159
,"Sacramento County, CA","06067","2019","2019",320,1552058,20.618
,"Alameda County, CA","06001","2012","2012",134,1554720,8.619
,"Sacramento County, CA","06067","2020","2020",290,1559146,18.600
,"Alameda County, CA","06001","2013","2013",174,1578891,11.020
,"Alameda County, CA","06001","2014","2014",165,1610921,10.243
,"Alameda County, CA","06001","2015","2015",200,1638215,12.208
,"Alameda County, CA","06001","2016","2016",163,1647704,9.893
,"Alameda County, CA","06001","2020","2020",320,1662323,19.250
,"Alameda County, CA","06001","2017","2017",127,1663190,7.636
,"Alameda County, CA","06001","2018","2018",191,1666753,11.459
,"Alameda County, CA","06001","2019","2019",250,1671329,14.958
,"Santa Clara County, CA","06085","2010","2010",133,1781642,7.465
,"Santa Clara County, CA","06085","2011","2011",144,1809378,7.959
,"Santa Clara County, CA","06085","2012","2012",142,1837504,7.728
,"Santa Clara County, CA","06085","2013","2013",152,1862041,8.163
,"Santa Clara County, CA","06085","2014","2014",134,1894605,7.073
,"Santa Clara County, CA","06085","2020","2020",301,1907105,15.783
,"Santa Clara County, CA","06085","2015","2015",140,1918044,7.299
,"Santa Clara County, CA","06085","2016","2016",150,1919402,7.815
,"Santa Clara County, CA","06085","2019","2019",216,1927852,11.204
,"Santa Clara County, CA","06085","2018","2018",174,1937570,8.980
,"Santa Clara County, CA","06085","2017","2017",157,1938153,8.100
,"San Bernardino County, CA","06071","2010","2010",133,2035210,6.535
,"San Bernardino County, CA","06071","2011","2011",111,2065377,5.374
,"San Bernardino County, CA","06071","2012","2012",127,2081313,6.102
,"San Bernardino County, CA","06071","2013","2013",125,2088371,5.986
,"San Bernardino County, CA","06071","2014","2014",124,2112619,5.869
,"San Bernardino County, CA","06071","2015","2015",101,2128133,4.746
,"San Bernardino County, CA","06071","2016","2016",93,2140096,4.346
,"San Bernardino County, CA","06071","2017","2017",197,2157404,9.131
,"San Bernardino County, CA","06071","2018","2018",278,2171603,12.802
,"San Bernardino County, CA","06071","2019","2019",252,2180085,11.559
,"San Bernardino County, CA","06071","2020","2020",516,2189183,23.570
,"Riverside County, CA","06065","2010","2010",254,2189641,11.600
,"Riverside County, CA","06065","2011","2011",254,2239620,11.341
,"Riverside County, CA","06065","2012","2012",286,2268783,12.606
,"Riverside County, CA","06065","2013","2013",317,2292507,13.828
,"Riverside County, CA","06065","2014","2014",327,2329271,14.039
,"Riverside County, CA","06065","2015","2015",337,2361026,14.273
,"Riverside County, CA","06065","2016","2016",351,2387741,14.700
,"Riverside County, CA","06065","2017","2017",412,2423266,17.002
,"Riverside County, CA","06065","2018","2018",437,2450758,17.831
,"Riverside County, CA","06065","2019","2019",460,2470546,18.619
,"Riverside County, CA","06065","2020","2020",694,2489188,27.881
,"Orange County, CA","06059","2010","2010",313,3010232,10.398
,"Orange County, CA","06059","2011","2011",319,3055745,10.439
,"Orange County, CA","06059","2012","2012",320,3090132,10.356
,"San Diego County, CA","06073","2010","2010",367,3095313,11.857
,"Orange County, CA","06059","2013","2013",358,3114363,11.495
,"San Diego County, CA","06073","2011","2011",415,3140069,13.216
,"Orange County, CA","06059","2014","2014",372,3145515,11.826
,"Orange County, CA","06059","2020","2020",653,3166857,20.620
,"Orange County, CA","06059","2015","2015",381,3169776,12.020
,"Orange County, CA","06059","2016","2016",415,3172532,13.081
,"Orange County, CA","06059","2019","2019",408,3175692,12.848
,"San Diego County, CA","06073","2012","2012",424,3177063,13.346
,"Orange County, CA","06059","2018","2018",416,3185968,13.057
,"Orange County, CA","06059","2017","2017",372,3190400,11.660
,"San Diego County, CA","06073","2013","2013",428,3211252,13.328
,"San Diego County, CA","06073","2014","2014",418,3263431,12.809
,"San Diego County, CA","06073","2015","2015",418,3299521,12.669
,"San Diego County, CA","06073","2016","2016",434,3317749,13.081
,"San Diego County, CA","06073","2020","2020",759,3332427,22.776
,"San Diego County, CA","06073","2017","2017",482,3337685,14.441
,"San Diego County, CA","06073","2019","2019",482,3338330,14.438
,"San Diego County, CA","06073","2018","2018",481,3343364,14.387
,"Los Angeles County, CA","06037","2010","2010",697,9818605,7.099
,"Los Angeles County, CA","06037","2011","2011",684,9889056,6.917
,"Los Angeles County, CA","06037","2020","2020",2017,9943046,20.286
,"Los Angeles County, CA","06037","2012","2012",677,9962789,6.795
,"Los Angeles County, CA","06037","2013","2013",815,10017068,8.136
,"Los Angeles County, CA","06037","2019","2019",1265,10039107,12.601
,"Los Angeles County, CA","06037","2018","2018",987,10105518,9.767
,"Los Angeles County, CA","06037","2014","2014",733,10116705,7.245
,"Los Angeles County, CA","06037","2016","2016",819,10137915,8.079
,"Los Angeles County, CA","06037","2017","2017",916,10163507,9.013
,"Los Angeles County, CA","06037","2015","2015",730,10170292,7.178
"---"
"Dataset: Multiple Cause of Death, 1999-2020"
"Query Parameters:"
"States: California (06)"
"UCD - ICD-10 Codes: X40 (Accidental poisoning by and exposure to nonopioid analgesics, antipyretics and antirheumatics); X41"
"(Accidental poisoning by and exposure to antiepileptic, sedative-hypnotic, antiparkinsonism and psychotropic drugs, not"
"elsewhere classified); X42 (Accidental poisoning by and exposure to narcotics and psychodysleptics [hallucinogens], not"
"elsewhere classified); X43 (Accidental poisoning by and exposure to other drugs acting on the autonomic nervous system); X44"
"(Accidental poisoning by and exposure to other and unspecified drugs, medicaments and biological substances); X60 (Intentional"
"self-poisoning by and exposure to nonopioid analgesics, antipyretics and antirheumatics); X61 (Intentional self-poisoning by and"
"exposure to antiepileptic, sedative-hypnotic, antiparkinsonism and psychotropic drugs, not elsewhere classified); X62"
"(Intentional self-poisoning by and exposure to narcotics and psychodysleptics [hallucinogens], not elsewhere classified); X63"
"(Intentional self-poisoning by and exposure to other drugs acting on the autonomic nervous system); X64 (Intentional"
"self-poisoning by and exposure to other and unspecified drugs, medicaments and biological substances); Y10 (Poisoning by and"
"exposure to nonopioid analgesics, antipyretics and antirheumatics, undetermined intent); Y11 (Poisoning by and exposure to"
"antiepileptic, sedative-hypnotic, antiparkinsonism and psychotropic drugs, not elsewhere classified, undetermined intent); Y12"
"(Poisoning by and exposure to narcotics and psychodysleptics [hallucinogens], not elsewhere classified, undetermined intent);"
"Y13 (Poisoning by and exposure to other drugs acting on the autonomic nervous system, undetermined intent); Y14 (Poisoning by"
"and exposure to other and unspecified drugs, medicaments and biological substances, undetermined intent)"
"Year/Month: 2010; 2011; 2012; 2013; 2014; 2015; 2016; 2017; 2018; 2019; 2020"
"Group By: County; Year"
"Show Totals: Disabled"
"Show Zero Values: True"
"Show Suppressed: True"
"Calculate Rates Per: 100,000"
"Rate Options: Default intercensal populations for years 2001-2009 (except Infant Age Groups)"
"---"
"Help: See http://wonder.cdc.gov/wonder/help/mcd.html for more information."
"---"
"Query Date: Mar 4, 2026 2:03:48 AM"
"---"
"Suggested Citation: Centers for Disease Control and Prevention, National Center for Health Statistics. National Vital Statistics"
"System, Mortality 1999-2020 on CDC WONDER Online Database, released in 2021. Data are from the Multiple Cause of Death Files,"
"1999-2020, as compiled from data provided by the 57 vital statistics jurisdictions through the Vital Statistics Cooperative"
"Program. Accessed at http://wonder.cdc.gov/mcd-icd10.html on Mar 4, 2026 2:03:48 AM"
"---"
Messages:
"1. Totals are not available for these results due to suppression constraints. More Information:"
"http://wonder.cdc.gov/wonder/help/faq.html#Privacy."
"---"
Caveats:
"1. As of April 3, 2017, the underlying cause of death has been revised for 125 deaths in 2014. More information:"
"http://wonder.cdc.gov/wonder/help/mcd.html#2014-Revision."
"2. Data are Suppressed when the data meet the criteria for confidentiality constraints. More information:"
"http://wonder.cdc.gov/wonder/help/mcd.html#Assurance of Confidentiality."
"3. Death rates are flagged as Unreliable when the rate is calculated with a numerator of 20 or less. More information:"
"http://wonder.cdc.gov/wonder/help/mcd.html#Unreliable."
"4. The population figures for year 2020 are bridged-race estimates of the July 1 resident population, from the Vintage 2020"
"postcensal series released by NCHS on September 22, 2021. The population figures for year 2019 are bridged-race estimates of the"
"July 1 resident population, from the Vintage 2019 postcensal series released by NCHS on July 9, 2020. The population figures for"
"year 2018 are bridged-race estimates of the July 1 resident population, from the Vintage 2018 postcensal series released by NCHS"
"on June 25, 2019. The population figures for year 2017 are bridged-race estimates of the July 1 resident population, from the"
"Vintage 2017 postcensal series released by NCHS on June 27, 2018. The population figures for year 2016 are bridged-race"
"estimates of the July 1 resident population, from the Vintage 2016 postcensal series released by NCHS on June 26, 2017. The"
"population figures for year 2015 are bridged-race estimates of the July 1 resident population, from the Vintage 2015 postcensal"
"series released by NCHS on June 28, 2016. The population figures for year 2014 are bridged-race estimates of the July 1 resident"
"population, from the Vintage 2014 postcensal series released by NCHS on June 30, 2015. The population figures for year 2013 are"
"bridged-race estimates of the July 1 resident population, from the Vintage 2013 postcensal series released by NCHS on June 26,"
"2014. The population figures for year 2012 are bridged-race estimates of the July 1 resident population, from the Vintage 2012"
"postcensal series released by NCHS on June 13, 2013. Population figures for 2011 are bridged-race estimates of the July 1"
"resident population, from the county-level postcensal Vintage 2011 series released by NCHS on July 18, 2012. Population figures"
"for 2010 are April 1 Census counts. The population figures for years 2001 - 2009, are bridged-race estimates of the July 1"
"resident population, from the revised intercensal county-level 2000 - 2009 series released by NCHS on October 26, 2012."
"Population figures for 2000 are April 1 Census counts. Population figures for 1999 are from the 1990-1999 intercensal series of"
"July 1 estimates. Population figures for Infant Age Groups are the number of live births. <br/><b>Note:</b> Rates and population"
"figures for years 2001 - 2009 differ slightly from previously published reports, due to use of the population estimates which"
"were available at the time of release."
"5. The population figures used in the calculation of death rates for the age group 'under 1 year' are the estimates of the"
"resident population that is under one year of age. More information: http://wonder.cdc.gov/wonder/help/mcd.html#Age Group."
"6. Changes to cause of death classification affect reporting trends. More information:"
"http://wonder.cdc.gov/wonder/help/mcd.html#ICD-10 Changes."